input_row_key,input_company_name,candidate_company_name,location_score,name_score
0,24-SEVEN MEDIA NETWORK (PRIVATE) LIMITED,New Millennium Network,334.18,44.44
0,24-SEVEN MEDIA NETWORK (PRIVATE) LIMITED,Private Helipad Ali Villa,334.18,24.56
0,24-SEVEN MEDIA NETWORK (PRIVATE) LIMITED,24seven Research Network,104.33,64.29
0,24-SEVEN MEDIA NETWORK (PRIVATE) LIMITED,EmerioSoft,231.56,28.57
0,24-SEVEN MEDIA NETWORK (PRIVATE) LIMITED,Asiatic Public Relations Network,239.65,34.38
104,COMMSCOPE TECHNOLOGIES LLC,Commscope Technologies South Africa Pty Ltd.,66.06,67.8
104,COMMSCOPE TECHNOLOGIES LLC,CommScope,55.86,37.04
104,COMMSCOPE TECHNOLOGIES LLC,Commscope Technologies K Ltdtd,65.8,84.44
104,COMMSCOPE TECHNOLOGIES LLC,CommScope,177.58,37.04
104,COMMSCOPE TECHNOLOGIES LLC,CommScope Technologies Philippines Inc.,80.37,74.07
117,DADES Center Ost ApS,Thomas Møgelberg,322.68,33.33
117,DADES Center Ost ApS,Dades Center,90.63,75.0
117,DADES Center Ost ApS,Voigt Psykoterapi,322.68,32.43
117,DADES Center Ost ApS,Dades,322.68,40.0
117,DADES Center Ost ApS,Dades,92.54,40.0
125,DEKO-STYLE V/ANJA GRONNE,DEKOSTYLE - Schneiker,58.52,57.78
125,DEKO-STYLE V/ANJA GRONNE,Agentur Deko-Style,52.56,50.0
125,DEKO-STYLE V/ANJA GRONNE,Deko Style,325.29,52.94
125,DEKO-STYLE V/ANJA GRONNE,DEKOSTYLE,91.21,54.55
125,DEKO-STYLE V/ANJA GRONNE,DEKO STYLE,57.88,52.94
134,"DELTA EJENDOM, AALBORG A/S",Delta Data,191.55,50.0
134,"DELTA EJENDOM, AALBORG A/S",Delta Porte,202.44,43.24
134,"DELTA EJENDOM, AALBORG A/S",Aalborg Engineering A/S.,281.43,44.0
134,"DELTA EJENDOM, AALBORG A/S",AALBORG CSP,62.57,48.65
134,"DELTA EJENDOM, AALBORG A/S",Aalborg Stilladser,281.43,45.45
139,Nets Denmark A/S,NETS EASY MODULES,143.31,48.48
139,Nets Denmark A/S,John Nurminens Stiftelse,42.41,30.0
139,Nets Denmark A/S,NemID,143.31,28.57
139,Nets Denmark A/S,CashbackAPP,224.12,29.63
139,Nets Denmark A/S,Nets group,318.95,46.15
142,DK HOSTMASTER A/S,DK Accountancy Services,62.36,36.84
142,DK HOSTMASTER A/S,AALBRA øvelokale,326.16,18.18
142,DK HOSTMASTER A/S,The Hostmaster,34.59,70.97
142,DK HOSTMASTER A/S,DK ROOF,202.44,33.33
142,DK HOSTMASTER A/S,ANDERS LASSEN FONDEN,326.16,32.43
145,"DET NORSKE VERITAS, BUSINESS ASSURANCE, DANMARK A/S",Danish Quality Assurance Group,201.57,39.51
145,"DET NORSKE VERITAS, BUSINESS ASSURANCE, DANMARK A/S",Dansk System Assurance,191.55,41.1
145,"DET NORSKE VERITAS, BUSINESS ASSURANCE, DANMARK A/S",DNV,26.37,3.85
145,"DET NORSKE VERITAS, BUSINESS ASSURANCE, DANMARK A/S",Assurance Partner,209.15,35.29
145,"DET NORSKE VERITAS, BUSINESS ASSURANCE, DANMARK A/S",Dansk System Assurance A/S.,191.55,48.72
15,ADECCO A/S,Elektriker Lyngby,322.68,16.0
15,ADECCO A/S,Adecco Hillerød,197.74,47.62
15,ADECCO A/S,Adecco Fredericia,154.46,52.17
15,ADECCO A/S,Crone & Co.,322.68,23.53
15,ADECCO A/S,Thomas Møgelberg,322.68,16.67
158,EDOTCO TOWERS PAKISTAN (PRIVATE) LIMITED,Aquamatch,186.95,20.51
158,EDOTCO TOWERS PAKISTAN (PRIVATE) LIMITED,EDOTCO Towers Inc.,81.61,55.81
158,EDOTCO TOWERS PAKISTAN (PRIVATE) LIMITED,Edotco,106.79,23.53
158,EDOTCO TOWERS PAKISTAN (PRIVATE) LIMITED,Pharma Consultant Pakistan,186.95,40.74
158,EDOTCO TOWERS PAKISTAN (PRIVATE) LIMITED,Private Helipad Ali Villa,187.8,25.45
159,Egencia Denmark A/S,Payment Services,229.97,28.57
159,Egencia Denmark A/S,Egen ci a,96.23,57.14
159,Egencia Denmark A/S,Egencia New Zealand,77.29,47.37
159,Egencia Denmark A/S,Egencia,175.76,53.85
159,Egencia Denmark A/S,Egencia,37.66,53.85
162,Egencia Sweden AB,Egencia,57.85,58.33
162,Egencia Sweden AB,Egencia,53.16,58.33
162,Egencia Sweden AB,Egencia Switzerland,75.5,66.67
162,Egencia Sweden AB,Egencia Canada,81.51,64.52
162,Egencia Sweden AB,Egencia,59.25,58.33
175,ERNST & YOUNG LLP,ERNST & YOUNG CC,95.32,84.85
175,ERNST & YOUNG LLP,ERNST GROUP,75.82,64.29
175,ERNST & YOUNG LLP,Ernst Engineering Pte. Ltd.,175.53,48.78
175,ERNST & YOUNG LLP,Ernst Technologies,75.82,45.71
175,ERNST & YOUNG LLP,Denkstatt,95.61,30.77
181,EWORK NORDIC ApS,Nordic Medical Equipment & Services,316.81,39.22
181,EWORK NORDIC ApS,Nordic Medical Solutions Scandinavia,316.81,34.62
181,EWORK NORDIC ApS,Nordic Sustainable Finance,316.81,38.1
181,EWORK NORDIC ApS,NORDIC MEDICAL SOLUTIONS,316.81,45.0
181,EWORK NORDIC ApS,BioSite,316.81,8.7
182,EWORK GROUP NORWAY AS,Universal Music,330.55,29.41
182,EWORK GROUP NORWAY AS,Up2Staff,37.24,20.69
182,EWORK GROUP NORWAY AS,Ework Group,66.93,68.75
182,EWORK GROUP NORWAY AS,E-workgroup,95.56,62.5
182,EWORK GROUP NORWAY AS,E work,92.15,37.04
183,EXFO Ltd.,EXFO Finland Oy.,319.21,54.55
183,EXFO Ltd.,EXFO,62.13,80.0
183,EXFO Ltd.,EXFO,68.26,80.0
183,EXFO Ltd.,Exfo,89.37,80.0
183,EXFO Ltd.,ProTech,58.64,15.38
190,Fastbridge Malaysia Sdn Bhd,FastBridge - Illuminate Education,89.5,53.33
190,Fastbridge Malaysia Sdn Bhd,Siab M Sdn Bhd.,332.91,52.38
190,Fastbridge Malaysia Sdn Bhd,Fastbridge,84.06,54.05
190,Fastbridge Malaysia Sdn Bhd,Fast Bridge,100.0,52.63
190,Fastbridge Malaysia Sdn Bhd,Mall of Malaysia,332.91,46.51
191,Favro Holding AB,Favro,326.31,47.62
191,Favro Holding AB,SCIBASE,168.93,8.7
191,Favro Holding AB,SE & SYNAS,326.31,7.69
191,Favro Holding AB,Organic Beauty,165.59,20.0
191,Favro Holding AB,Beautyculture by Janine,326.31,25.64
193,Fibrecomm Network (M) Sdn. Bhd.,FIBRECOMM,331.14,38.89
193,Fibrecomm Network (M) Sdn. Bhd.,Trapper Group,131.69,19.05
193,Fibrecomm Network (M) Sdn. Bhd.,Network Foods,132.7,42.86
193,Fibrecomm Network (M) Sdn. Bhd.,FibreComm,85.0,38.89
193,Fibrecomm Network (M) Sdn. Bhd.,Fibrecomm Office KK.,107.65,46.81
196,SYKES ENTERPRISES NORWAY AS,Sykes Machine Services,97.13,48.98
196,SYKES ENTERPRISES NORWAY AS,Dalen legesenter,329.14,32.56
196,SYKES ENTERPRISES NORWAY AS,Sykes Racing,95.81,35.9
196,SYKES ENTERPRISES NORWAY AS,Sykes Enterprises Inc.,101.2,78.26
196,SYKES ENTERPRISES NORWAY AS,Sykes Chemist,105.95,45.0
201,GEO ENTERTAINMENT TELEVISION (PVT.) LIMITED,HarPal Geo,187.8,14.29
201,GEO ENTERTAINMENT TELEVISION (PVT.) LIMITED,Geo Mobile & Easypaisa Shop,188.91,38.6
201,GEO ENTERTAINMENT TELEVISION (PVT.) LIMITED,Geo Shoes and Sneakers,184.61,33.33
201,GEO ENTERTAINMENT TELEVISION (PVT.) LIMITED,E! Online,96.13,29.27
201,GEO ENTERTAINMENT TELEVISION (PVT.) LIMITED,Geo TV Network,179.37,30.43
208,Google Cloud EMEA Limited,ISP Cloud Services Inc.,121.58,48.65
208,Google Cloud EMEA Limited,Bon Plan Sur Mesure,104.3,38.89
208,Google Cloud EMEA Limited,DoubleClick,99.48,35.71
208,Google Cloud EMEA Limited,Google Cloud,106.92,82.76
208,Google Cloud EMEA Limited,Mekas Cloud Services,107.64,54.05
221,"HELP FORSIKRING,FILIAL AF HELP FORSIKRING AS, NORGE",Help it Home,316.81,28.57
221,"HELP FORSIKRING,FILIAL AF HELP FORSIKRING AS, NORGE",HELP Forsikring,316.81,45.45
221,"HELP FORSIKRING,FILIAL AF HELP FORSIKRING AS, NORGE",Help PR,316.81,20.69
221,"HELP FORSIKRING,FILIAL AF HELP FORSIKRING AS, NORGE",Nordjylland Forsikring,230.44,32.88
221,"HELP FORSIKRING,FILIAL AF HELP FORSIKRING AS, NORGE",HELP Forsikring,42.85,45.45
228,HEWLETT-PACKARD NORGE AS,ThinkEV,330.87,12.9
228,HEWLETT-PACKARD NORGE AS,Tiny Elephant,139.2,21.62
228,HEWLETT-PACKARD NORGE AS,FornebuGolf,330.87,17.14
228,HEWLETT-PACKARD NORGE AS,Elbilforum,330.87,23.53
228,HEWLETT-PACKARD NORGE AS,Linestore,330.87,30.3
23,Agg Power Technology (Fuzhou) Co Ltd.,AGG power,60.55,37.84
23,Agg Power Technology (Fuzhou) Co Ltd.,AGG power,69.77,37.84
23,Agg Power Technology (Fuzhou) Co Ltd.,AGG,66.27,6.45
23,Agg Power Technology (Fuzhou) Co Ltd.,Bragg Race,94.29,15.79
23,Agg Power Technology (Fuzhou) Co Ltd.,AGG Power,328.77,37.84
238,HP PPS SINGAPORE (SALES) PTE. LTD.,HP Alumni Singapore,254.31,54.17
238,HP PPS SINGAPORE (SALES) PTE. LTD.,Menicon Singapore,254.31,45.45
238,HP PPS SINGAPORE (SALES) PTE. LTD.,Crayon Data,92.93,15.0
238,HP PPS SINGAPORE (SALES) PTE. LTD.,Poyoko Trading,254.31,23.26
238,HP PPS SINGAPORE (SALES) PTE. LTD.,GG Playfest,254.31,30.0
240,Huawei Technologies (Bangladesh) Limited.,Shahidul Islam Sarker,186.31,26.42
240,Huawei Technologies (Bangladesh) Limited.,HUAWEI,113.88,30.0
240,Huawei Technologies (Bangladesh) Limited.,Ubi services,142.76,30.43
240,Huawei Technologies (Bangladesh) Limited.,Bumblebee Tech,186.31,29.17
240,Huawei Technologies (Bangladesh) Limited.,Bohubrihi,186.31,23.26
249,HUBER+SUHNER ELECTRONICS PRIVATE LIMITED,HUBER SUHNER,57.08,50.0
249,HUBER+SUHNER ELECTRONICS PRIVATE LIMITED,HUBER SUHNER Sales Partners,74.27,70.18
249,HUBER+SUHNER ELECTRONICS PRIVATE LIMITED,HUBER SUHNER,97.5,50.0
249,HUBER+SUHNER ELECTRONICS PRIVATE LIMITED,HUBER SUHNER Polatis Limited sp.z o.o.,68.88,57.14
249,HUBER+SUHNER ELECTRONICS PRIVATE LIMITED,Huber Suhner AG,72.59,50.0
25,AIG EUROPE S.A. NUF,AIG Norge,330.55,40.0
25,AIG EUROPE S.A. NUF,BårdarTV,330.55,16.67
25,AIG EUROPE S.A. NUF,AIG PEP V Asia LP.,149.91,47.06
25,AIG EUROPE S.A. NUF,Bertel O. Steen Kapital,330.55,25.64
25,AIG EUROPE S.A. NUF,AIG bygg AS,154.27,37.04
253,IBM DANMARK A/S,IBM CIC.,188.58,34.78
253,IBM DANMARK A/S,SJEC,179.11,10.53
253,IBM DANMARK A/S,Klubben,188.58,18.18
253,IBM DANMARK A/S,Nippon Gases Germany,79.86,22.86
253,IBM DANMARK A/S,Mercedes-Benz,188.58,14.29
255,OBERTHUR TECHNOLOGIES NORWAY AS,Oberthur Technologies,86.75,80.77
255,OBERTHUR TECHNOLOGIES NORWAY AS,Oberthur Technologies,95.04,80.77
255,OBERTHUR TECHNOLOGIES NORWAY AS,Bereej Technologies,85.22,64.0
255,OBERTHUR TECHNOLOGIES NORWAY AS,Oberthur Technologies,81.38,80.77
255,OBERTHUR TECHNOLOGIES NORWAY AS,Oberthur,83.93,41.03
256,"IKANO BANK, FILIAL AF IKANO BANK AB (PUBL), SVERIGE",Ikano,63.35,17.86
256,"IKANO BANK, FILIAL AF IKANO BANK AB (PUBL), SVERIGE",Ikano Bolig,318.95,32.26
256,"IKANO BANK, FILIAL AF IKANO BANK AB (PUBL), SVERIGE",Ikano Bank,318.95,32.79
256,"IKANO BANK, FILIAL AF IKANO BANK AB (PUBL), SVERIGE",Ikano Bank,318.95,32.79
256,"IKANO BANK, FILIAL AF IKANO BANK AB (PUBL), SVERIGE",Ikano Bank Leasing,318.95,43.48
257,Imi Mobile Vas Limited,TEXTLOCAL,102.72,17.39
257,Imi Mobile Vas Limited,VAS Global,103.6,25.0
257,Imi Mobile Vas Limited,Bangla Trac Miaki Vas Limited,186.31,40.0
257,Imi Mobile Vas Limited,IMImobile PLC.,103.6,80.0
257,Imi Mobile Vas Limited,IMI Mobile VAS Ltd FZE,103.6,84.85
268,Intrum Debt Finance AG,Intrum,198.29,48.0
268,Intrum Debt Finance AG,Abc Kids Store,189.23,24.24
268,Intrum Debt Finance AG,FINANCE SKY,224.29,46.67
268,Intrum Debt Finance AG,INTRUM,122.67,48.0
268,Intrum Debt Finance AG,Intrum,203.17,48.0
269,ADVIS A/S,Advis and Co.,66.85,70.0
269,ADVIS A/S,ADVIS s.r.o.,92.5,66.67
269,ADVIS A/S,Advis,93.04,71.43
269,ADVIS A/S,Advisas GmbH,75.83,71.43
269,ADVIS A/S,ADVIS,87.06,71.43
275,ISS GLOBAL A/S,ISS Global Forwarding Taşımacılık A.Ş,41.27,47.06
275,ISS GLOBAL A/S,ISS,192.54,35.29
275,ISS GLOBAL A/S,Iss Global Forwarding Asia Holding,72.2,54.17
275,ISS GLOBAL A/S,ISS GLOBAL,63.84,83.33
275,ISS GLOBAL A/S,White Signature,74.9,27.59
28,ALTAIR GLOBAL RELOCATION SINGAPORE PTE. LTD.,Marubeni-Itochu Tubulars Asia,334.71,25.71
28,ALTAIR GLOBAL RELOCATION SINGAPORE PTE. LTD.,Altair Global Relocation,110.53,73.85
28,ALTAIR GLOBAL RELOCATION SINGAPORE PTE. LTD.,Altair Aesthetic,334.71,38.6
28,ALTAIR GLOBAL RELOCATION SINGAPORE PTE. LTD.,Ecogradia,334.71,8.33
28,ALTAIR GLOBAL RELOCATION SINGAPORE PTE. LTD.,Altair Global B.V.,71.44,53.57
282,JOBSTREET.COM PTE LTD,JobStreet,99.07,75.0
282,JOBSTREET.COM PTE LTD,TeamTec,98.27,18.18
282,JOBSTREET.COM PTE LTD,Jobstreet,89.84,75.0
282,JOBSTREET.COM PTE LTD,International Tax Management,334.71,9.76
282,JOBSTREET.COM PTE LTD,JobStreet,100.3,75.0
285,Kahoot! Denmark ApS,Kahoot,42.85,48.0
285,Kahoot! Denmark ApS,Kahoot Winner,80.67,56.25
285,Kahoot! Denmark ApS,NicOnline,97.65,7.69
285,Kahoot! Denmark ApS,Kahoot,97.65,48.0
285,Kahoot! Denmark ApS,Kahoot,97.65,48.0
286,KAMTOWER DANMARK A/S,Loyal Solutions,316.81,28.57
286,KAMTOWER DANMARK A/S,CyberJuice,316.81,13.33
286,KAMTOWER DANMARK A/S,Sun Creature,316.81,18.75
286,KAMTOWER DANMARK A/S,KAMTOWER,45.66,57.14
286,KAMTOWER DANMARK A/S,Jensen & Lund,316.81,18.18
291,KINLY HOLDING AS,Kinly,93.37,47.62
291,KINLY HOLDING AS,Kinly,113.77,47.62
291,KINLY HOLDING AS,Kinly,99.58,47.62
291,KINLY HOLDING AS,Kinly AS avd Trondheim,156.01,42.11
291,KINLY HOLDING AS,Kinly Cart,69.45,53.85
296,KODA,NCB,316.81,0.0
296,KODA,Koda Talent,90.87,53.33
296,KODA,AUTOR,316.81,22.22
296,KODA,Dansk Komponistforening,316.81,14.81
296,KODA,DPA - Professionelle Sangskrivere & Producere,316.81,12.77
298,KOMMANDITAKTIESELSKABET FREDERIKSSUND SHOPPINGCENTER,Frederikssund Forsynings Personaleforening,155.73,42.55
298,KOMMANDITAKTIESELSKABET FREDERIKSSUND SHOPPINGCENTER,Frederikssund ANTI-RUST,155.73,45.33
298,KOMMANDITAKTIESELSKABET FREDERIKSSUND SHOPPINGCENTER,Frederikssund Traktor- og Maskinservice,155.73,41.76
298,KOMMANDITAKTIESELSKABET FREDERIKSSUND SHOPPINGCENTER,Frederikssund Fodboldgolf,155.73,41.56
298,KOMMANDITAKTIESELSKABET FREDERIKSSUND SHOPPINGCENTER,Frederikssund St.,155.73,46.38
3,3 STEP IT AS,NIFU,330.55,12.5
3,3 STEP IT AS,3Step IT Oy.,65.28,75.0
3,3 STEP IT AS,3stepIT,66.93,73.68
3,3 STEP IT AS,3 Step IT A/S.,67.16,92.31
3,3 STEP IT AS,3Step IT Group,65.28,69.23
300,Kpmg AS Hovedkontor,KPMG - Ulsteinvik,156.74,47.06
300,Kpmg AS Hovedkontor,Kpmg AS,146.99,53.85
300,Kpmg AS Hovedkontor,KPMG - Hamar,169.09,51.61
300,Kpmg AS Hovedkontor,KPMG - Knarvik,155.0,48.48
300,Kpmg AS Hovedkontor,KPMG - Mo i Rana,171.74,40.0
303,LOXYSOFT AS,LEADDESK,65.28,21.05
303,LOXYSOFT AS,Bording Cognito AS,330.55,37.04
303,LOXYSOFT AS,LINJEDATA,330.55,30.0
303,LOXYSOFT AS,Oslo kommune,330.55,26.09
303,LOXYSOFT AS,Loxysoft,49.29,84.21
307,LINKEDIN IRELAND UNLIMITED COMPANY,Telugukavithalugalgala,116.92,21.28
307,LINKEDIN IRELAND UNLIMITED COMPANY,Locateai,98.49,12.12
307,LINKEDIN IRELAND UNLIMITED COMPANY,LinkedIn Alumni,89.08,50.0
307,LINKEDIN IRELAND UNLIMITED COMPANY,LinkedIn,89.08,48.48
307,LINKEDIN IRELAND UNLIMITED COMPANY,LinkedIn Ireland Unlimited Company,73.4,100.0
31,"AMAZON WEB SERVICES EMEA SARL, NORWEGIAN BRANCH",Amazon Web Services EMEA,95.56,69.57
31,"AMAZON WEB SERVICES EMEA SARL, NORWEGIAN BRANCH",Banh Mi XO,330.55,14.55
31,"AMAZON WEB SERVICES EMEA SARL, NORWEGIAN BRANCH",Covetrus,68.22,7.84
31,"AMAZON WEB SERVICES EMEA SARL, NORWEGIAN BRANCH",Norwegian Seafood Supply,330.55,31.88
31,"AMAZON WEB SERVICES EMEA SARL, NORWEGIAN BRANCH",Amazon E Store,330.55,44.07
318,MARSH & MCLENNAN AGENCIES AS,Malermestrene Juuhl & Bratfoss,330.55,39.29
318,MARSH & MCLENNAN AGENCIES AS,Larsen Consult,330.55,36.84
318,MARSH & MCLENNAN AGENCIES AS,Pure Agency,330.55,34.29
318,MARSH & MCLENNAN AGENCIES AS,Marsh Norway,330.55,42.11
318,MARSH & MCLENNAN AGENCIES AS,Gulbrandsen Agencies,330.55,50.0
32,AMDOCS DEVELOPMENT LIMITED,Amdocs,110.86,50.0
32,AMDOCS DEVELOPMENT LIMITED,Amdocs,110.86,50.0
32,AMDOCS DEVELOPMENT LIMITED,Amdocs,81.82,50.0
32,AMDOCS DEVELOPMENT LIMITED,Amdocs Offices,103.43,50.0
32,AMDOCS DEVELOPMENT LIMITED,Amdocs,69.81,50.0
33,"American Express Europe Denmark, filial af American Express Europe S.A., Spanien",HONDA,169.93,2.44
33,"American Express Europe Denmark, filial af American Express Europe S.A., Spanien",American Express Corp.,70.17,37.89
33,"American Express Europe Denmark, filial af American Express Europe S.A., Spanien",Aisin Europe,79.29,22.47
33,"American Express Europe Denmark, filial af American Express Europe S.A., Spanien",Joompay,65.07,7.14
33,"American Express Europe Denmark, filial af American Express Europe S.A., Spanien",American Steakhouse,150.88,22.92
339,NAGARRO AS,Nagarro AG,60.36,76.92
339,NAGARRO AS,Nagarro ES,72.64,87.5
339,NAGARRO AS,Nagarro,95.56,76.92
339,NAGARRO AS,Nagarro,60.36,76.92
339,NAGARRO AS,Nagarro GmbH,60.36,76.92
340,NAGARRO ENTERPRISE SERVICES PRIVATE LIMITED,Nagarro Hiring Team,199.94,40.0
340,NAGARRO ENTERPRISE SERVICES PRIVATE LIMITED,Enterprise Information Services LLC EIS,94.57,58.33
340,NAGARRO ENTERPRISE SERVICES PRIVATE LIMITED,BODY PLUS,119.04,14.29
340,NAGARRO ENTERPRISE SERVICES PRIVATE LIMITED,Technowell,144.23,13.95
340,NAGARRO ENTERPRISE SERVICES PRIVATE LIMITED,Nagarro ES,45.12,39.02
341,NEC CORPORATION,NEC Corporation NEC Gunma Branch,129.16,25.0
341,NEC CORPORATION,NEC Corporation NEC Kofu Branch,129.29,26.09
341,NEC CORPORATION,NEC Platforms Corporation East Japan Branch,122.58,17.14
341,NEC CORPORATION,NEC Corporation of Malaysia,329.09,31.58
341,NEC CORPORATION,NEC Corporation mae,133.58,54.55
35,ANALYSYS MASON AS,ANALYSYS,54.22,64.0
35,ANALYSYS MASON AS,Analysys Mason,83.33,90.32
35,ANALYSYS MASON AS,Analysys Mason,50.58,90.32
35,ANALYSYS MASON AS,AnalySys,100.43,64.0
35,ANALYSYS MASON AS,Analysys Technology,53.31,55.56
350,NETS DANMARK A/S,NemID,143.31,28.57
350,NETS DANMARK A/S,Nets group,318.95,46.15
350,NETS DANMARK A/S,DRIIVER,318.95,17.39
350,NETS DANMARK A/S,EDC Ejendoms Centret,152.23,16.67
350,NETS DANMARK A/S,NETS EASY MODULES,143.31,42.42
352,NEWS PUBLICATIONS (PRIVATE) LIMITED,EmerioSoft,231.56,27.03
352,NEWS PUBLICATIONS (PRIVATE) LIMITED,Turup Sangroula,87.08,20.0
352,NEWS PUBLICATIONS (PRIVATE) LIMITED,Educating Youth,164.5,38.1
352,NEWS PUBLICATIONS (PRIVATE) LIMITED,OK! Pakistan,239.65,25.64
352,NEWS PUBLICATIONS (PRIVATE) LIMITED,Private Helipad Ali Villa,334.18,26.92
354,NOITSO A/S,Forenede Gruppeliv,316.81,14.29
354,NOITSO A/S,Københavns Kommunes hjemmepleje,316.81,19.51
354,NOITSO A/S,Lægehuset Krumtappen,316.81,6.67
354,NOITSO A/S,Experian,316.81,11.11
354,NOITSO A/S,Gaardmand & Elsøe,316.81,14.81
359,"NORDEA BANK ABP, FILIAL I NORGE",Nordea,330.55,32.43
359,"NORDEA BANK ABP, FILIAL I NORGE",Nordeastiftelsen,178.55,29.79
359,"NORDEA BANK ABP, FILIAL I NORGE",Nordea Bank,330.55,52.38
359,"NORDEA BANK ABP, FILIAL I NORGE",Nordea Asset Management,66.93,38.46
359,"NORDEA BANK ABP, FILIAL I NORGE",Nordea Asset Management,83.33,38.46
362,DMA Research A/S,DMA International,216.3,42.42
362,DMA Research A/S,PrivacyWallet,316.81,13.79
362,DMA Research A/S,DMA Analytics,91.8,34.48
362,DMA Research A/S,Dansk Miljø Analyse,219.09,28.57
362,DMA Research A/S,Busk Demo,316.81,16.0
366,NTT ASIA PACIFIC HOLDINGS PTE. LIMITED,Amazon,334.71,5.56
366,NTT ASIA PACIFIC HOLDINGS PTE. LIMITED,YTL PowerSeraya,334.71,17.78
366,NTT ASIA PACIFIC HOLDINGS PTE. LIMITED,Asur Holdings,334.71,51.16
366,NTT ASIA PACIFIC HOLDINGS PTE. LIMITED,NTT Advanced Technology Singapore,334.71,50.79
366,NTT ASIA PACIFIC HOLDINGS PTE. LIMITED,RigNet Middle East FZE,65.38,30.77
373,Omd (M) Sdn. Bhd.,OMDM - Sklep Odzieżowy,71.72,35.9
373,Omd (M) Sdn. Bhd.,Communaute de Communes OMDM,88.2,20.0
373,Omd (M) Sdn. Bhd.,OMDM,88.2,38.1
373,Omd (M) Sdn. Bhd.,Ocean-Marais de Monts,88.2,31.58
373,Omd (M) Sdn. Bhd.,OMD World Imaging,159.17,37.5
388,"ORRICK, HERRINGTON & SUTCLIFFE (UK) LLP",SSGFC DISSOLUTION,106.55,14.29
388,"ORRICK, HERRINGTON & SUTCLIFFE (UK) LLP",Mr.OWhistle,93.53,12.0
388,"ORRICK, HERRINGTON & SUTCLIFFE (UK) LLP",Herrington Gate,254.31,48.15
388,"ORRICK, HERRINGTON & SUTCLIFFE (UK) LLP",TABLE ROCK CAPITAL,96.0,24.56
388,"ORRICK, HERRINGTON & SUTCLIFFE (UK) LLP",Orrick Herrington & Sutcliffe,113.69,85.29
393,PELATRO LIMITED,Pelatro,97.45,100.0
393,PELATRO LIMITED,Aspects of History,335.88,32.0
393,PELATRO LIMITED,Pelatro,97.45,100.0
393,PELATRO LIMITED,Pelatro Limited,97.45,100.0
397,PLESNER Advokatpartnerselskab,Jonas Plesner,316.81,33.33
397,PLESNER Advokatpartnerselskab,Konkurrenceretsforeningen,230.44,29.63
397,PLESNER Advokatpartnerselskab,Iben Plesner,316.81,34.15
397,PLESNER Advokatpartnerselskab,Plesners psykolog praksis,222.68,44.44
397,PLESNER Advokatpartnerselskab,Plesner,316.81,38.89
40,ANRITSU A/S,ANRITSU,97.65,77.78
40,ANRITSU A/S,Anteros Zagreb,78.55,43.48
40,ANRITSU A/S,Anritsu,80.17,77.78
40,ANRITSU A/S,Anritsu,97.65,77.78
40,ANRITSU A/S,Anritsu Hardware Co.Ltd,97.65,62.07
407,PROPAKISTANI SOLUTIONS (PRIVATE) LIMITED,Pro Pakistani,99.27,53.33
407,PROPAKISTANI SOLUTIONS (PRIVATE) LIMITED,ProPakistani,148.89,54.55
407,PROPAKISTANI SOLUTIONS (PRIVATE) LIMITED,ProPakistani,286.67,54.55
407,PROPAKISTANI SOLUTIONS (PRIVATE) LIMITED,ProPakistani,286.67,54.55
407,PROPAKISTANI SOLUTIONS (PRIVATE) LIMITED,Private Helipad Ali Villa,187.8,24.56
408,DRAKA NORSK KABEL AS,Magnussen Spesialsko,331.64,15.79
408,DRAKA NORSK KABEL AS,Total Coating,331.64,25.81
408,DRAKA NORSK KABEL AS,Modul System,79.29,25.0
408,DRAKA NORSK KABEL AS,Antras,331.64,23.08
408,DRAKA NORSK KABEL AS,Celsa Steel Service,131.15,21.62
411,QCC INTERSCAN LTD,QCC Ltd.,242.83,44.44
411,QCC INTERSCAN LTD,QCC Global,245.54,43.48
411,QCC INTERSCAN LTD,Best buy cars,242.96,23.08
411,QCC INTERSCAN LTD,QCC,137.36,37.5
411,QCC INTERSCAN LTD,Interscan Transportation,236.63,48.65
417,Radio Frequency Systems Gesellschaft mit beschrankter Haftung,Radio Jade,230.55,19.72
417,Radio Frequency Systems Gesellschaft mit beschrankter Haftung,Radio Frequency Systems,329.7,54.76
417,Radio Frequency Systems Gesellschaft mit beschrankter Haftung,KABSNAB-TELEKOM KST,54.92,12.5
417,Radio Frequency Systems Gesellschaft mit beschrankter Haftung,Radio Frequency Systems GmbH,329.7,54.76
417,Radio Frequency Systems Gesellschaft mit beschrankter Haftung,Radio Frequency Communications,136.01,44.94
429,RTTD LTD,RTTD,80.85,100.0
429,RTTD LTD,RTTD Studio,91.3,53.33
429,RTTD LTD,Rttd,47.6,100.0
430,BRINTH & HILLERUP A/S,Escape,318.89,14.81
430,BRINTH & HILLERUP A/S,Hillerup Brøndboring v Carlo Nielsen,132.26,38.6
430,BRINTH & HILLERUP A/S,WI Industrial Display,318.89,28.57
430,BRINTH & HILLERUP A/S,Hillerup Grafisk Design,151.82,50.0
430,BRINTH & HILLERUP A/S,Hillerup Gredstedbro,132.26,48.78
431,SAGEMCOM BROADBAND SAS,Sagemcom Broadband SAS.,100.85,96.97
431,SAGEMCOM BROADBAND SAS,Sagemcom,76.07,40.0
431,SAGEMCOM BROADBAND SAS,Sagemcom,94.71,40.0
431,SAGEMCOM BROADBAND SAS,Sagemcom,190.33,40.0
431,SAGEMCOM BROADBAND SAS,Sagemcom livraison,190.33,53.33
434,SALESFORCE.COM SINGAPORE PTE. LTD.,Trung tâm Manabie - Thủ Đức,78.44,29.63
434,SALESFORCE.COM SINGAPORE PTE. LTD.,LIVING OAKS,334.71,26.32
434,SALESFORCE.COM SINGAPORE PTE. LTD.,Salesforce,103.85,45.71
434,SALESFORCE.COM SINGAPORE PTE. LTD.,DancingMind,334.71,21.05
434,SALESFORCE.COM SINGAPORE PTE. LTD.,Digital Minds Group,129.47,26.09
439,SAP DANMARK A/S,Invoicery,316.81,10.0
439,SAP DANMARK A/S,SAP HANA,150.88,52.63
439,SAP DANMARK A/S,Mercedes-Benz,316.81,15.38
439,SAP DANMARK A/S,Køber Advokaten,316.81,21.43
439,SAP DANMARK A/S,SAP Basis,226.71,40.0
440,SAS INSTITUTE AS,SAS CTRL AS,144.35,52.17
440,SAS INSTITUTE AS,SAS Elektroservice,149.98,26.67
440,SAS INSTITUTE AS,SAS ELEKTRO,167.88,26.09
440,SAS INSTITUTE AS,SAS Institute,72.72,88.0
440,SAS INSTITUTE AS,Hoegheiendom,330.55,15.38
445,SFDC IRELAND LIMITED,Salesforce,103.7,40.0
445,SFDC IRELAND LIMITED,Slack,103.7,35.29
445,SFDC IRELAND LIMITED,SFDC,112.49,50.0
445,SFDC IRELAND LIMITED,SFDC,104.82,50.0
445,SFDC IRELAND LIMITED,Southside Friendly Dental Care,120.44,28.57
453,Siae Microelettronica Sdn. Bhd.,Siae Microelettronica Co.ltd,111.96,85.19
453,Siae Microelettronica Sdn. Bhd.,SIAE Microelettronica SAC.,69.94,83.64
453,Siae Microelettronica Sdn. Bhd.,Cube-Coms,235.12,5.26
453,Siae Microelettronica Sdn. Bhd.,SIAE Microelettronica do Brasil,99.13,80.65
453,Siae Microelettronica Sdn. Bhd.,SIAE MICROELETTRONICA,72.32,80.77
456,SIGNICAT AS,Signicat Webshop,78.07,74.07
456,SIGNICAT AS,Arntzen de Besche,150.0,14.29
456,SIGNICAT AS,Signicat,55.78,84.21
456,SIGNICAT AS,Kantega,150.0,22.22
456,SIGNICAT AS,OpenEcoPay,101.14,21.05
459,SiPM,School of Indian Percussion and Music,76.79,14.63
459,SiPM,SIPM,79.26,100.0
459,SiPM,Empresa de Servicios Sipm,50.72,29.63
459,SiPM,SIPM - Société IHEB des Portes Motorisées,72.19,17.78
459,SiPM,SIPM,99.42,100.0
460,Skillpower Services (Thailand) Co Ltd,FIRST CLASS LOGISTICS,331.92,23.53
460,Skillpower Services (Thailand) Co Ltd,ALE -Heavylift and Transport Thailand Co Ltd.,97.33,37.14
460,Skillpower Services (Thailand) Co Ltd,Dan Murdoch Risk Services,184.76,40.0
460,Skillpower Services (Thailand) Co Ltd,APICO,331.92,6.06
460,Skillpower Services (Thailand) Co Ltd,Softvision,331.92,35.0
468,"SoftwareONE Co., Ltd.",Comparex,50.58,27.27
468,"SoftwareONE Co., Ltd.",SoftwareOne,110.53,81.48
468,"SoftwareONE Co., Ltd.",Software One Inc.,80.15,86.67
468,"SoftwareONE Co., Ltd.",Software One,106.88,78.57
468,"SoftwareONE Co., Ltd.",Software One,53.4,78.57
470,SOFTWAREONE PTE. LTD.,Software One Inc.,94.75,81.25
470,SOFTWAREONE PTE. LTD.,Software One,53.17,73.33
470,SOFTWAREONE PTE. LTD.,SoftwareOne,110.53,75.86
470,SOFTWAREONE PTE. LTD.,Software One,77.74,73.33
470,SOFTWAREONE PTE. LTD.,Comparex,29.38,25.0
476,SQUARETRADE EUROPE LIMITED,Square Trade,75.38,73.33
476,SQUARETRADE EUROPE LIMITED,SquareTrade,88.57,75.86
476,SQUARETRADE EUROPE LIMITED,Square Trade,55.0,73.33
476,SQUARETRADE EUROPE LIMITED,SquareTrade,75.38,75.86
476,SQUARETRADE EUROPE LIMITED,Squaretrade,88.57,75.86
48,ARELION NORWAY AS,Arelion,95.56,58.33
48,ARELION NORWAY AS,Mixto As,330.55,40.0
48,ARELION NORWAY AS,Arelion Austria GmbH.,80.62,64.71
48,ARELION NORWAY AS,Arelion,58.91,58.33
48,ARELION NORWAY AS,Arelion,64.04,58.33
482,SUBEX (ASIA PACIFIC) PTE. LIMITED,Subex,79.39,33.33
482,SUBEX (ASIA PACIFIC) PTE. LIMITED,SUBEX,106.61,33.33
482,SUBEX (ASIA PACIFIC) PTE. LIMITED,Sadko,145.71,0.0
482,SUBEX (ASIA PACIFIC) PTE. LIMITED,Subex,103.54,33.33
482,SUBEX (ASIA PACIFIC) PTE. LIMITED,Subex,141.13,33.33
483,SUBEX (UK) LIMITED,SUBEX,82.2,66.67
483,SUBEX (UK) LIMITED,Subex,49.9,66.67
483,SUBEX (UK) LIMITED,Subex,102.94,66.67
483,SUBEX (UK) LIMITED,Subex,108.95,66.67
483,SUBEX (UK) LIMITED,Sadko,90.0,15.38
487,"SYNIVERSE COMMUNICATIONS, LLC",Syniverse,91.58,50.0
487,"SYNIVERSE COMMUNICATIONS, LLC",Syniverse Sales Kickoff,229.34,54.17
487,"SYNIVERSE COMMUNICATIONS, LLC",Syniverse,334.71,50.0
487,"SYNIVERSE COMMUNICATIONS, LLC",Syniverse,64.67,50.0
487,"SYNIVERSE COMMUNICATIONS, LLC",Syniverse Events,91.58,60.47
490,T/A POL AS,Tapoll,95.56,62.5
490,T/A POL AS,Tapol Centre de Santé,79.39,41.38
490,T/A POL AS,iSEKK,330.55,13.33
490,T/A POL AS,POL,330.55,46.15
490,T/A POL AS,TAPOL EGG PRODUCT,73.57,44.44
491,TALEND SINGAPORE PTE. LTD.,Talend Inc.,97.6,51.61
491,TALEND SINGAPORE PTE. LTD.,Talend India,74.47,57.14
491,TALEND SINGAPORE PTE. LTD.,Talend,84.74,41.38
491,TALEND SINGAPORE PTE. LTD.,Reed Tan Digital,334.71,15.38
491,TALEND SINGAPORE PTE. LTD.,Talend Canada,87.27,50.0
497,"TATA CONSULTANCY SERVICES LIMITED, FILIAL AF TATA CONSULTANCY SERVICES LTD.,INDIEN",Unity Line,61.39,17.95
497,"TATA CONSULTANCY SERVICES LIMITED, FILIAL AF TATA CONSULTANCY SERVICES LTD.,INDIEN",TATA SKO,316.81,15.79
497,"TATA CONSULTANCY SERVICES LIMITED, FILIAL AF TATA CONSULTANCY SERVICES LTD.,INDIEN",National Software Management,73.09,27.66
497,"TATA CONSULTANCY SERVICES LIMITED, FILIAL AF TATA CONSULTANCY SERVICES LTD.,INDIEN",Tata Consultancy Services Chile S.A.,85.91,58.59
497,"TATA CONSULTANCY SERVICES LIMITED, FILIAL AF TATA CONSULTANCY SERVICES LTD.,INDIEN",Prayagraj Services,40.22,26.19
500,TD SYNNEX Denmark ApS,Den Rullende Koks,280.44,31.58
500,TD SYNNEX Denmark ApS,Midtjysk Hundecenter,325.29,34.15
500,TD SYNNEX Denmark ApS,FiorDiVino,325.29,12.9
500,TD SYNNEX Denmark ApS,Auto IT A/S.,140.16,30.3
500,TD SYNNEX Denmark ApS,FSAutomobiler,280.44,18.75
504,Tech Mahindra Ict Services (Malaysia) Sdn. Bhd.,Munchkin Childcare Centre,333.14,30.56
504,Tech Mahindra Ict Services (Malaysia) Sdn. Bhd.,tech Action,147.91,34.48
504,Tech Mahindra Ict Services (Malaysia) Sdn. Bhd.,MyDialysis,333.14,28.07
504,Tech Mahindra Ict Services (Malaysia) Sdn. Bhd.,Tech Mahindra,333.14,43.33
504,Tech Mahindra Ict Services (Malaysia) Sdn. Bhd.,Aital Homenursing Care Services,333.14,35.9
51,"Ascio Technologies, Corp. Danmark - Filial af Ascio Technologies Corp. Canada",Iie Smu,89.09,13.16
51,"Ascio Technologies, Corp. Danmark - Filial af Ascio Technologies Corp. Canada",Ascio Status,76.61,19.75
51,"Ascio Technologies, Corp. Danmark - Filial af Ascio Technologies Corp. Canada",Ascio Technologies,201.57,41.38
51,"Ascio Technologies, Corp. Danmark - Filial af Ascio Technologies Corp. Canada",Gilfelt Revision,186.69,9.41
51,"Ascio Technologies, Corp. Danmark - Filial af Ascio Technologies Corp. Canada",Digitalsero,201.57,17.5
512,TELENOR D.O.O. BEOGRAD,Telenor Franchise Brainz Communication,75.0,41.38
512,TELENOR D.O.O. BEOGRAD,Telenor banka atm,206.23,51.28
512,TELENOR D.O.O. BEOGRAD,Yettel bank,255.88,36.36
512,TELENOR D.O.O. BEOGRAD,Yettel,323.58,21.43
512,TELENOR D.O.O. BEOGRAD,TELENOR FRANCHISE MATTA SWAT,75.0,40.0
520,Telenor Magyarorszag Zrt.,GegeStore,131.22,20.0
520,Telenor Magyarorszag Zrt.,Yettel Business Blog,332.59,24.39
520,Telenor Magyarorszag Zrt.,Transilvania Trust Alapítvány,168.13,24.0
520,Telenor Magyarorszag Zrt.,Yettel Hungary,332.59,34.29
520,Telenor Magyarorszag Zrt.,Telenor mobil antenna,199.77,52.38
523,TELENOR PROCUREMENT COMPANY PTE. LTD.,Tata Steel Europe,95.32,28.57
523,TELENOR PROCUREMENT COMPANY PTE. LTD.,Telenor Asia,334.71,40.91
523,TELENOR PROCUREMENT COMPANY PTE. LTD.,Nokia sale,110.53,10.0
523,TELENOR PROCUREMENT COMPANY PTE. LTD.,Telenor Inpli Singapore,334.71,43.64
523,TELENOR PROCUREMENT COMPANY PTE. LTD.,Telenor,77.83,35.9
532,SETEC CARD A/S,SETEC,42.31,52.63
532,SETEC CARD A/S,SE-TEC,75.31,50.0
532,SETEC CARD A/S,SETEC,87.93,52.63
532,SETEC CARD A/S,SETEC,65.29,52.63
532,SETEC CARD A/S,Setec,96.42,52.63
536,TIETOEVRY TECH SERVICES NORWAY AS,Norwegian Cabin Services Norway As Avd Oslo Lufthavn Gardermoen,221.86,45.83
536,TIETOEVRY TECH SERVICES NORWAY AS,Tietoevry,69.68,42.86
536,TIETOEVRY TECH SERVICES NORWAY AS,Tietoevry Wearables,155.16,53.85
536,TIETOEVRY TECH SERVICES NORWAY AS,Tieto,69.68,26.32
536,TIETOEVRY TECH SERVICES NORWAY AS,Negotia,330.87,15.0
541,TPM DATA ApS,TPM Data,94.29,80.0
541,TPM DATA ApS,ECdox,218.98,11.76
541,TPM DATA ApS,Oticon A/S.,321.21,38.1
541,TPM DATA ApS,Andresen Marketing,218.98,6.67
541,TPM DATA ApS,Sundhed akupunktur,321.21,26.67
548,TT DOTCOM SDN. BHD.,TT DotCom Sdn. Bhd - Johor Operation Engineering Office,143.06,45.71
548,TT DOTCOM SDN. BHD.,MPCN,215.04,19.05
548,TT DOTCOM SDN. BHD.,TT Water,159.94,32.0
548,TT DOTCOM SDN. BHD.,INIAGA,210.37,9.52
548,TT DOTCOM SDN. BHD.,OUM,97.89,20.0
549,TT-NETVAERKET P/S,Karina Knudsen,316.81,12.9
549,TT-NETVAERKET P/S,Ordnung office hotel,316.81,10.81
549,TT-NETVAERKET P/S,Seagems group,42.65,28.57
549,TT-NETVAERKET P/S,TT Network,316.81,51.85
549,TT-NETVAERKET P/S,S.H. Juridisk Rådgivning,316.81,4.88
550,TUTELA TECHNOLOGIES LTD.,Tutela,325.2,44.44
550,TUTELA TECHNOLOGIES LTD.,Tutelacare,217.12,45.16
550,TUTELA TECHNOLOGIES LTD.,THPRRA,140.15,14.81
550,TUTELA TECHNOLOGIES LTD.,Tutela,142.42,44.44
550,TUTELA TECHNOLOGIES LTD.,Reward,83.41,14.81
552,UIPATH SRL,UiPath,72.16,100.0
552,UIPATH SRL,UiPath Foundation,331.18,52.17
552,UIPATH SRL,UiPath Dubai,71.58,66.67
552,UIPATH SRL,UiPath,66.1,100.0
552,UIPATH SRL,UiPath Immersion Lab,331.18,46.15
554,"UNITED INFORMATION HIGHWAY CO., LTD.",Highway Co. Ltd.,148.33,52.38
554,"UNITED INFORMATION HIGHWAY CO., LTD.",United States Sound,118.3,44.0
554,"UNITED INFORMATION HIGHWAY CO., LTD.",UIH,292.23,17.65
554,"UNITED INFORMATION HIGHWAY CO., LTD.",Highway Aut,167.72,38.1
554,"UNITED INFORMATION HIGHWAY CO., LTD.",WorldMedic,221.16,14.63
555,Ur Consult ApS,UrKonsalting Uridiceskie uslugi v Ul'anovske,48.17,29.63
555,Ur Consult ApS,Urconsult,85.95,73.68
555,Ur Consult ApS,Roested,322.68,31.58
555,Ur Consult ApS,Olesvej,322.68,10.53
555,Ur Consult ApS,Urconsult,74.67,73.68
557,VANTIVA TECHNOLOGIES,Vantiva,100.75,51.85
557,VANTIVA TECHNOLOGIES,Vantiva,217.47,51.85
557,VANTIVA TECHNOLOGIES,Vantiva Supply Chain Solutions,82.18,60.0
557,VANTIVA TECHNOLOGIES,Vantiva,90.3,51.85
557,VANTIVA TECHNOLOGIES,Vantiva,105.41,51.85
558,Vertiv (Malaysia) Sdn. Bhd.,VERTIV,60.81,36.36
558,Vertiv (Malaysia) Sdn. Bhd.,Vertiv,60.81,36.36
558,Vertiv (Malaysia) Sdn. Bhd.,Vertiv,94.31,36.36
558,Vertiv (Malaysia) Sdn. Bhd.,Vertiv,62.85,36.36
558,Vertiv (Malaysia) Sdn. Bhd.,Vertiv,73.06,36.36
559,"VERTIV (THAILAND) CO., LTD.",Vertiv,96.68,42.86
559,"VERTIV (THAILAND) CO., LTD.",Vertiv,92.09,42.86
559,"VERTIV (THAILAND) CO., LTD.",VERTIV,67.76,42.86
559,"VERTIV (THAILAND) CO., LTD.",Vertiv,67.76,42.86
559,"VERTIV (THAILAND) CO., LTD.",eti Conformity Services,77.79,13.95
561,VERTIV (SINGAPORE) PTE. LTD.,Vertiv,90.34,38.71
561,VERTIV (SINGAPORE) PTE. LTD.,Vertiv Technology,102.0,42.86
561,VERTIV (SINGAPORE) PTE. LTD.,VERTIV,102.0,38.71
561,VERTIV (SINGAPORE) PTE. LTD.,Vertiv,103.36,38.71
561,VERTIV (SINGAPORE) PTE. LTD.,2nd phase design,237.33,24.39
565,VOXOGO ApS,Hintly,316.81,0.0
565,VOXOGO ApS,Aplied AI,316.81,21.05
565,VOXOGO ApS,BullsEye Communication,316.81,6.67
565,VOXOGO ApS,Voxogo Aps. Store Kongensgade,316.81,51.28
565,VOXOGO ApS,Nordic ScaleUp ApS.,316.81,34.48
566,WATCHDATA TECHNOLOGIES PTE LTD,WATCHDATA TECHNOLOGIES,110.53,91.67
566,WATCHDATA TECHNOLOGIES PTE LTD,WATCHDATA TECHNOLOGIES,94.96,91.67
566,WATCHDATA TECHNOLOGIES PTE LTD,WATCHDATA TECHNOLOGIES,76.27,91.67
566,WATCHDATA TECHNOLOGIES PTE LTD,Watchdata,334.71,51.43
566,WATCHDATA TECHNOLOGIES PTE LTD,Watchdata,85.91,51.43
570,Wilke Markedsanalyse A/S,Wilke A S Aarhus,293.39,47.37
570,Wilke Markedsanalyse A/S,Foto Wilke,56.99,31.25
570,Wilke Markedsanalyse A/S,Wilke B.V.,76.73,41.38
570,Wilke Markedsanalyse A/S,Wilke Promotion,132.11,43.24
570,Wilke Markedsanalyse A/S,Wilke Immobilienbewertung,32.13,38.3
576,WTW REAL ESTATE SDN. BHD.,WTW Real Estate Sdn. Bhd.,119.84,100.0
576,WTW REAL ESTATE SDN. BHD.,WTW Real Estate Sdn. Bhd.,72.09,100.0
576,WTW REAL ESTATE SDN. BHD.,WTW Real Estate Sabah Sdn. Bhd.,119.8,92.59
576,WTW REAL ESTATE SDN. BHD.,CBRE WTW,331.14,18.18
576,WTW REAL ESTATE SDN. BHD.,Tsukamoto Musen,57.93,20.0
586,ZIFF DAVIS IRELAND LIMITED,Ziff Davis,92.47,71.43
586,ZIFF DAVIS IRELAND LIMITED,Ziff Davis,92.47,71.43
586,ZIFF DAVIS IRELAND LIMITED,Ziff Davis,92.47,71.43
586,ZIFF DAVIS IRELAND LIMITED,Ziff Davis,92.47,71.43
586,ZIFF DAVIS IRELAND LIMITED,Ziff Davis Inc.,92.47,73.33
591,ZTE NORWAY AS,Tannbuen,139.2,28.57
591,ZTE NORWAY AS,Polypure,330.87,9.52
591,ZTE NORWAY AS,Fornebu Kiropraktorsenter,330.87,15.79
591,ZTE NORWAY AS,Bwell Norge,330.87,41.67
591,ZTE NORWAY AS,Fabriscale,330.87,8.7
61,AWAN DISTRIBUTION FZC,AWAN DISTRIBUTION,53.42,89.47
61,AWAN DISTRIBUTION FZC,Max Lead Advertising,207.57,39.02
61,AWAN DISTRIBUTION FZC,ISDF,334.97,24.0
61,AWAN DISTRIBUTION FZC,Dar Molhimon,334.97,30.3
61,AWAN DISTRIBUTION FZC,Awan Building Contg LLC.,200.88,46.51
68,BCD TRAVEL ASIA PACIFIC PTE. LTD.,BCD Planet,87.1,25.0
68,BCD TRAVEL ASIA PACIFIC PTE. LTD.,BCD Engineering Services,334.71,33.33
68,BCD TRAVEL ASIA PACIFIC PTE. LTD.,BCD,69.32,18.18
68,BCD TRAVEL ASIA PACIFIC PTE. LTD.,Asia Pacific Travel Limited.,75.82,66.67
68,BCD TRAVEL ASIA PACIFIC PTE. LTD.,BCD Engineering,334.71,26.67
7,A.T. KEARNEY AB,Atab civiele techniek,113.95,22.22
7,A.T. KEARNEY AB,Jennies Hundsalong,157.59,12.9
7,A.T. KEARNEY AB,A&T VVS,146.27,27.27
7,A.T. KEARNEY AB,Kearney India,74.39,64.29
7,A.T. KEARNEY AB,AT RÖRSERVICE,143.53,42.86
82,Bynder Holding B.V.,Holding Kalden Projects,333.05,41.03
82,Bynder Holding B.V.,GatherContent,87.8,22.22
82,Bynder Holding B.V.,Bynder,106.96,54.55
82,Bynder Holding B.V.,Bynder,333.05,54.55
82,Bynder Holding B.V.,Bynder,84.56,54.55
95,CISCO INTERNATIONAL LIMITED,Cisco International Limited,97.99,100.0
95,CISCO INTERNATIONAL LIMITED,Cisco Systems London,236.74,45.71
95,CISCO INTERNATIONAL LIMITED,Cisco Blue,215.94,40.0
95,CISCO INTERNATIONAL LIMITED,Cisco repair services,242.96,44.44
95,CISCO INTERNATIONAL LIMITED,Cisco International,95.66,100.0
